date,temperature,depth_m,location
2021-01-01,11.75,5.0,Santa_Barbara_Channel
2021-01-02,10.79,5.0,Santa_Barbara_Channel
2021-01-03,11.97,5.0,Santa_Barbara_Channel
2021-01-04,13.29,5.0,Santa_Barbara_Channel
2021-01-05,10.66,5.0,Santa_Barbara_Channel
2021-01-06,10.66,5.0,Santa_Barbara_Channel
2021-01-07,13.39,5.0,Santa_Barbara_Channel
2021-01-08,12.18,5.0,Santa_Barbara_Channel
2021-01-09,10.33,5.0,Santa_Barbara_Channel
2021-01-10,11.86,5.0,Santa_Barbara_Channel
2021-01-11,10.36,5.0,Santa_Barbara_Channel
2021-01-12,10.37,5.0,Santa_Barbara_Channel
2021-01-13,11.45,5.0,Santa_Barbara_Channel
2021-01-14,8.23,5.0,Santa_Barbara_Channel
2021-01-15,8.53,5.0,Santa_Barbara_Channel
2021-01-16,10.29,5.0,Santa_Barbara_Channel
2021-01-17,9.63,5.0,Santa_Barbara_Channel
2021-01-18,11.64,5.0,Santa_Barbara_Channel
2021-01-19,9.83,5.0,Santa_Barbara_Channel
2021-01-20,9.09,5.0,Santa_Barbara_Channel
2021-01-21,13.43,5.0,Santa_Barbara_Channel
2021-01-22,10.92,5.0,Santa_Barbara_Channel
2021-01-23,11.39,5.0,Santa_Barbara_Channel
2021-01-24,9.17,5.0,Santa_Barbara_Channel
2021-01-25,10.52,5.0,Santa_Barbara_Channel
2021-01-26,11.53,5.0,Santa_Barbara_Channel
2021-01-27,9.67,5.0,Santa_Barbara_Channel
2021-01-28,11.99,5.0,Santa_Barbara_Channel
2021-01-29,10.56,5.0,Santa_Barbara_Channel
2021-01-30,11.05,5.0,Santa_Barbara_Channel
2021-01-31,10.62,5.0,Santa_Barbara_Channel
2021-02-01,14.34,5.0,Santa_Barbara_Channel
2021-02-02,11.57,5.0,Santa_Barbara_Channel
2021-02-03,10.04,5.0,Santa_Barbara_Channel
2021-02-04,12.9,5.0,Santa_Barbara_Channel
2021-02-05,9.87,5.0,Santa_Barbara_Channel
2021-02-06,12.06,5.0,Santa_Barbara_Channel
2021-02-07,8.85,5.0,Santa_Barbara_Channel
2021-02-08,9.83,5.0,Santa_Barbara_Channel
2021-02-09,12.16,5.0,Santa_Barbara_Channel
2021-02-10,13.02,5.0,Santa_Barbara_Channel
2021-02-11,,5.0,Santa_Barbara_Channel
2021-02-12,11.83,5.0,Santa_Barbara_Channel
2021-02-13,11.6,5.0,Santa_Barbara_Channel
2021-02-14,9.88,5.0,Santa_Barbara_Channel
2021-02-15,11.06,5.0,Santa_Barbara_Channel
2021-02-16,11.5,5.0,Santa_Barbara_Channel
2021-02-17,13.83,5.0,Santa_Barbara_Channel
2021-02-18,12.81,5.0,Santa_Barbara_Channel
2021-02-19,9.7,5.0,Santa_Barbara_Channel
2021-02-20,12.88,5.0,Santa_Barbara_Channel
2021-02-21,11.87,5.0,Santa_Barbara_Channel
2021-02-22,11.48,5.0,Santa_Barbara_Channel
2021-02-23,13.47,5.0,Santa_Barbara_Channel
2021-02-24,14.15,5.0,Santa_Barbara_Channel
2021-02-25,14.06,5.0,Santa_Barbara_Channel
2021-02-26,11.46,5.0,Santa_Barbara_Channel
2021-02-27,12.31,5.0,Santa_Barbara_Channel
2021-02-28,13.33,5.0,Santa_Barbara_Channel
2021-03-01,14.36,5.0,Santa_Barbara_Channel
2021-03-02,12.23,5.0,Santa_Barbara_Channel
2021-03-03,12.73,5.0,Santa_Barbara_Channel
2021-03-04,11.41,5.0,Santa_Barbara_Channel
2021-03-05,11.34,5.0,Santa_Barbara_Channel
2021-03-06,14.41,5.0,Santa_Barbara_Channel
2021-03-07,15.29,5.0,Santa_Barbara_Channel
2021-03-08,13.21,5.0,Santa_Barbara_Channel
2021-03-09,14.88,5.0,Santa_Barbara_Channel
2021-03-10,13.98,5.0,Santa_Barbara_Channel
2021-03-11,12.54,5.0,Santa_Barbara_Channel
2021-03-12,14.11,5.0,Santa_Barbara_Channel
2021-03-13,15.94,5.0,Santa_Barbara_Channel
2021-03-14,13.65,5.0,Santa_Barbara_Channel
2021-03-15,16.11,5.0,Santa_Barbara_Channel
2021-03-16,9.9,5.0,Santa_Barbara_Channel
2021-03-17,15.13,5.0,Santa_Barbara_Channel
2021-03-18,14.09,5.0,Santa_Barbara_Channel
2021-03-19,13.58,5.0,Santa_Barbara_Channel
2021-03-20,14.23,5.0,Santa_Barbara_Channel
2021-03-21,11.18,5.0,Santa_Barbara_Channel
2021-03-22,13.9,5.0,Santa_Barbara_Channel
2021-03-23,14.83,5.0,Santa_Barbara_Channel
2021-03-24,16.58,5.0,Santa_Barbara_Channel
2021-03-25,13.66,5.0,Santa_Barbara_Channel
2021-03-26,13.29,5.0,Santa_Barbara_Channel
2021-03-27,13.82,5.0,Santa_Barbara_Channel
2021-03-28,16.01,5.0,Santa_Barbara_Channel
2021-03-29,15.2,5.0,Santa_Barbara_Channel
2021-03-30,13.98,5.0,Santa_Barbara_Channel
2021-03-31,15.62,5.0,Santa_Barbara_Channel
2021-04-01,15.06,5.0,Santa_Barbara_Channel
2021-04-02,16.44,5.0,Santa_Barbara_Channel
2021-04-03,14.0,5.0,Santa_Barbara_Channel
2021-04-04,14.63,5.0,Santa_Barbara_Channel
2021-04-05,14.6,5.0,Santa_Barbara_Channel
2021-04-06,13.06,5.0,Santa_Barbara_Channel
2021-04-07,15.77,5.0,Santa_Barbara_Channel
2021-04-08,15.79,5.0,Santa_Barbara_Channel
2021-04-09,15.47,5.0,Santa_Barbara_Channel
2021-04-10,15.18,5.0,Santa_Barbara_Channel
2021-04-11,13.48,5.0,Santa_Barbara_Channel
2021-04-12,15.04,5.0,Santa_Barbara_Channel
2021-04-13,15.22,5.0,Santa_Barbara_Channel
2021-04-14,14.6,5.0,Santa_Barbara_Channel
2021-04-15,15.63,5.0,Santa_Barbara_Channel
2021-04-16,16.54,5.0,Santa_Barbara_Channel
2021-04-17,18.84,5.0,Santa_Barbara_Channel
2021-04-18,16.33,5.0,Santa_Barbara_Channel
2021-04-19,16.52,5.0,Santa_Barbara_Channel
2021-04-20,16.09,5.0,Santa_Barbara_Channel
2021-04-21,13.39,5.0,Santa_Barbara_Channel
2021-04-22,16.3,5.0,Santa_Barbara_Channel
2021-04-23,16.49,5.0,Santa_Barbara_Channel
2021-04-24,20.16,5.0,Santa_Barbara_Channel
2021-04-25,16.24,5.0,Santa_Barbara_Channel
2021-04-26,17.04,5.0,Santa_Barbara_Channel
2021-04-27,16.6,5.0,Santa_Barbara_Channel
2021-04-28,14.96,5.0,Santa_Barbara_Channel
2021-04-29,18.49,5.0,Santa_Barbara_Channel
2021-04-30,17.97,5.0,Santa_Barbara_Channel
2021-05-01,18.09,5.0,Santa_Barbara_Channel
2021-05-02,15.6,5.0,Santa_Barbara_Channel
2021-05-03,19.13,5.0,Santa_Barbara_Channel
2021-05-04,14.98,5.0,Santa_Barbara_Channel
2021-05-05,18.02,5.0,Santa_Barbara_Channel
2021-05-06,20.48,5.0,Santa_Barbara_Channel
2021-05-07,15.77,5.0,Santa_Barbara_Channel
2021-05-08,16.46,5.0,Santa_Barbara_Channel
2021-05-09,17.52,5.0,Santa_Barbara_Channel
2021-05-10,16.67,5.0,Santa_Barbara_Channel
2021-05-11,15.15,5.0,Santa_Barbara_Channel
2021-05-12,17.63,5.0,Santa_Barbara_Channel
2021-05-13,15.99,5.0,Santa_Barbara_Channel
2021-05-14,18.35,5.0,Santa_Barbara_Channel
2021-05-15,16.31,5.0,Santa_Barbara_Channel
2021-05-16,20.06,5.0,Santa_Barbara_Channel
2021-05-17,16.61,5.0,Santa_Barbara_Channel
2021-05-18,17.35,5.0,Santa_Barbara_Channel
2021-05-19,19.11,5.0,Santa_Barbara_Channel
2021-05-20,16.09,5.0,Santa_Barbara_Channel
2021-05-21,18.32,5.0,Santa_Barbara_Channel
2021-05-22,19.99,5.0,Santa_Barbara_Channel
2021-05-23,15.66,5.0,Santa_Barbara_Channel
2021-05-24,18.39,5.0,Santa_Barbara_Channel
2021-05-25,18.55,5.0,Santa_Barbara_Channel
2021-05-26,19.37,5.0,Santa_Barbara_Channel
2021-05-27,16.38,5.0,Santa_Barbara_Channel
2021-05-28,16.3,5.0,Santa_Barbara_Channel
2021-05-29,19.1,5.0,Santa_Barbara_Channel
2021-05-30,18.8,5.0,Santa_Barbara_Channel
2021-05-31,18.77,5.0,Santa_Barbara_Channel
2021-06-01,18.95,5.0,Santa_Barbara_Channel
2021-06-02,17.45,5.0,Santa_Barbara_Channel
2021-06-03,18.85,5.0,Santa_Barbara_Channel
2021-06-04,18.97,5.0,Santa_Barbara_Channel
2021-06-05,17.49,5.0,Santa_Barbara_Channel
2021-06-06,21.39,5.0,Santa_Barbara_Channel
2021-06-07,,5.0,Santa_Barbara_Channel
2021-06-08,16.87,5.0,Santa_Barbara_Channel
2021-06-09,19.67,5.0,Santa_Barbara_Channel
2021-06-10,17.25,5.0,Santa_Barbara_Channel
2021-06-11,19.92,5.0,Santa_Barbara_Channel
2021-06-12,20.5,5.0,Santa_Barbara_Channel
2021-06-13,17.55,5.0,Santa_Barbara_Channel
2021-06-14,20.25,5.0,Santa_Barbara_Channel
2021-06-15,19.45,5.0,Santa_Barbara_Channel
2021-06-16,,5.0,Santa_Barbara_Channel
2021-06-17,21.71,5.0,Santa_Barbara_Channel
2021-06-18,18.52,5.0,Santa_Barbara_Channel
2021-06-19,17.77,5.0,Santa_Barbara_Channel
2021-06-20,17.58,5.0,Santa_Barbara_Channel
2021-06-21,17.71,5.0,Santa_Barbara_Channel
2021-06-22,18.83,5.0,Santa_Barbara_Channel
2021-06-23,19.47,5.0,Santa_Barbara_Channel
2021-06-24,19.38,5.0,Santa_Barbara_Channel
2021-06-25,20.22,5.0,Santa_Barbara_Channel
2021-06-26,19.0,5.0,Santa_Barbara_Channel
2021-06-27,21.17,5.0,Santa_Barbara_Channel
2021-06-28,18.6,5.0,Santa_Barbara_Channel
2021-06-29,23.08,5.0,Santa_Barbara_Channel
2021-06-30,19.94,5.0,Santa_Barbara_Channel
2021-07-01,17.72,5.0,Santa_Barbara_Channel
2021-07-02,17.4,5.0,Santa_Barbara_Channel
2021-07-03,19.73,5.0,Santa_Barbara_Channel
2021-07-04,18.67,5.0,Santa_Barbara_Channel
2021-07-05,20.08,5.0,Santa_Barbara_Channel
2021-07-06,19.71,5.0,Santa_Barbara_Channel
2021-07-07,18.89,5.0,Santa_Barbara_Channel
2021-07-08,17.72,5.0,Santa_Barbara_Channel
2021-07-09,16.71,5.0,Santa_Barbara_Channel
2021-07-10,18.31,5.0,Santa_Barbara_Channel
2021-07-11,20.25,5.0,Santa_Barbara_Channel
2021-07-12,19.28,5.0,Santa_Barbara_Channel
2021-07-13,17.08,5.0,Santa_Barbara_Channel
2021-07-14,19.19,5.0,Santa_Barbara_Channel
2021-07-15,19.5,5.0,Santa_Barbara_Channel
2021-07-16,17.58,5.0,Santa_Barbara_Channel
2021-07-17,19.12,5.0,Santa_Barbara_Channel
2021-07-18,18.96,5.0,Santa_Barbara_Channel
2021-07-19,17.14,5.0,Santa_Barbara_Channel
2021-07-20,19.37,5.0,Santa_Barbara_Channel
2021-07-21,19.65,5.0,Santa_Barbara_Channel
2021-07-22,20.42,5.0,Santa_Barbara_Channel
2021-07-23,20.35,5.0,Santa_Barbara_Channel
2021-07-24,16.68,5.0,Santa_Barbara_Channel
2021-07-25,17.31,5.0,Santa_Barbara_Channel
2021-07-26,19.46,5.0,Santa_Barbara_Channel
2021-07-27,19.44,5.0,Santa_Barbara_Channel
2021-07-28,19.41,5.0,Santa_Barbara_Channel
2021-07-29,24.39,5.0,Santa_Barbara_Channel
2021-07-30,19.43,5.0,Santa_Barbara_Channel
2021-07-31,20.25,5.0,Santa_Barbara_Channel
2021-08-01,19.94,5.0,Santa_Barbara_Channel
2021-08-02,19.46,5.0,Santa_Barbara_Channel
2021-08-03,17.97,5.0,Santa_Barbara_Channel
2021-08-04,19.55,5.0,Santa_Barbara_Channel
2021-08-05,17.21,5.0,Santa_Barbara_Channel
2021-08-06,17.98,5.0,Santa_Barbara_Channel
2021-08-07,17.57,5.0,Santa_Barbara_Channel
2021-08-08,18.38,5.0,Santa_Barbara_Channel
2021-08-09,21.69,5.0,Santa_Barbara_Channel
2021-08-10,15.37,5.0,Santa_Barbara_Channel
2021-08-11,19.16,5.0,Santa_Barbara_Channel
2021-08-12,15.67,5.0,Santa_Barbara_Channel
2021-08-13,17.33,5.0,Santa_Barbara_Channel
2021-08-14,19.63,5.0,Santa_Barbara_Channel
2021-08-15,18.05,5.0,Santa_Barbara_Channel
2021-08-16,16.29,5.0,Santa_Barbara_Channel
2021-08-17,16.78,5.0,Santa_Barbara_Channel
2021-08-18,18.83,5.0,Santa_Barbara_Channel
2021-08-19,16.66,5.0,Santa_Barbara_Channel
2021-08-20,18.03,5.0,Santa_Barbara_Channel
2021-08-21,17.72,5.0,Santa_Barbara_Channel
2021-08-22,16.63,5.0,Santa_Barbara_Channel
2021-08-23,20.77,5.0,Santa_Barbara_Channel
2021-08-24,18.45,5.0,Santa_Barbara_Channel
2021-08-25,14.4,5.0,Santa_Barbara_Channel
2021-08-26,17.67,5.0,Santa_Barbara_Channel
2021-08-27,16.34,5.0,Santa_Barbara_Channel
2021-08-28,18.55,5.0,Santa_Barbara_Channel
2021-08-29,16.03,5.0,Santa_Barbara_Channel
2021-08-30,16.99,5.0,Santa_Barbara_Channel
2021-08-31,17.86,5.0,Santa_Barbara_Channel
2021-09-01,18.34,5.0,Santa_Barbara_Channel
2021-09-02,15.18,5.0,Santa_Barbara_Channel
2021-09-03,16.42,5.0,Santa_Barbara_Channel
2021-09-04,16.15,5.0,Santa_Barbara_Channel
2021-09-05,15.82,5.0,Santa_Barbara_Channel
2021-09-06,19.39,5.0,Santa_Barbara_Channel
2021-09-07,17.28,5.0,Santa_Barbara_Channel
2021-09-08,14.72,5.0,Santa_Barbara_Channel
2021-09-09,17.93,5.0,Santa_Barbara_Channel
2021-09-10,19.67,5.0,Santa_Barbara_Channel
2021-09-11,17.97,5.0,Santa_Barbara_Channel
2021-09-12,14.08,5.0,Santa_Barbara_Channel
2021-09-13,15.57,5.0,Santa_Barbara_Channel
2021-09-14,18.13,5.0,Santa_Barbara_Channel
2021-09-15,15.1,5.0,Santa_Barbara_Channel
2021-09-16,16.76,5.0,Santa_Barbara_Channel
2021-09-17,17.19,5.0,Santa_Barbara_Channel
2021-09-18,14.57,5.0,Santa_Barbara_Channel
2021-09-19,15.81,5.0,Santa_Barbara_Channel
2021-09-20,10.97,5.0,Santa_Barbara_Channel
2021-09-21,14.23,5.0,Santa_Barbara_Channel
2021-09-22,15.32,5.0,Santa_Barbara_Channel
2021-09-23,13.76,5.0,Santa_Barbara_Channel
2021-09-24,18.01,5.0,Santa_Barbara_Channel
2021-09-25,13.35,5.0,Santa_Barbara_Channel
2021-09-26,14.76,5.0,Santa_Barbara_Channel
2021-09-27,15.55,5.0,Santa_Barbara_Channel
2021-09-28,17.45,5.0,Santa_Barbara_Channel
2021-09-29,13.06,5.0,Santa_Barbara_Channel
2021-09-30,16.89,5.0,Santa_Barbara_Channel
2021-10-01,15.09,5.0,Santa_Barbara_Channel
2021-10-02,13.54,5.0,Santa_Barbara_Channel
2021-10-03,15.64,5.0,Santa_Barbara_Channel
2021-10-04,15.17,5.0,Santa_Barbara_Channel
2021-10-05,13.9,5.0,Santa_Barbara_Channel
2021-10-06,14.84,5.0,Santa_Barbara_Channel
2021-10-07,14.09,5.0,Santa_Barbara_Channel
2021-10-08,14.77,5.0,Santa_Barbara_Channel
2021-10-09,15.52,5.0,Santa_Barbara_Channel
2021-10-10,16.84,5.0,Santa_Barbara_Channel
2021-10-11,12.54,5.0,Santa_Barbara_Channel
2021-10-12,17.53,5.0,Santa_Barbara_Channel
2021-10-13,11.33,5.0,Santa_Barbara_Channel
2021-10-14,13.96,5.0,Santa_Barbara_Channel
2021-10-15,15.01,5.0,Santa_Barbara_Channel
2021-10-16,14.48,5.0,Santa_Barbara_Channel
2021-10-17,13.06,5.0,Santa_Barbara_Channel
2021-10-18,13.61,5.0,Santa_Barbara_Channel
2021-10-19,13.12,5.0,Santa_Barbara_Channel
2021-10-20,12.91,5.0,Santa_Barbara_Channel
2021-10-21,15.0,5.0,Santa_Barbara_Channel
2021-10-22,14.2,5.0,Santa_Barbara_Channel
2021-10-23,12.56,5.0,Santa_Barbara_Channel
2021-10-24,14.88,5.0,Santa_Barbara_Channel
2021-10-25,13.93,5.0,Santa_Barbara_Channel
2021-10-26,14.63,5.0,Santa_Barbara_Channel
2021-10-27,14.29,5.0,Santa_Barbara_Channel
2021-10-28,12.04,5.0,Santa_Barbara_Channel
2021-10-29,12.38,5.0,Santa_Barbara_Channel
2021-10-30,14.28,5.0,Santa_Barbara_Channel
2021-10-31,14.01,5.0,Santa_Barbara_Channel
2021-11-01,13.01,5.0,Santa_Barbara_Channel
2021-11-02,13.16,5.0,Santa_Barbara_Channel
2021-11-03,14.84,5.0,Santa_Barbara_Channel
2021-11-04,11.98,5.0,Santa_Barbara_Channel
2021-11-05,13.63,5.0,Santa_Barbara_Channel
2021-11-06,12.44,5.0,Santa_Barbara_Channel
2021-11-07,12.37,5.0,Santa_Barbara_Channel
2021-11-08,14.28,5.0,Santa_Barbara_Channel
2021-11-09,13.82,5.0,Santa_Barbara_Channel
2021-11-10,13.75,5.0,Santa_Barbara_Channel
2021-11-11,14.43,5.0,Santa_Barbara_Channel
2021-11-12,12.45,5.0,Santa_Barbara_Channel
2021-11-13,13.39,5.0,Santa_Barbara_Channel
2021-11-14,11.85,5.0,Santa_Barbara_Channel
2021-11-15,12.75,5.0,Santa_Barbara_Channel
2021-11-16,12.02,5.0,Santa_Barbara_Channel
2021-11-17,12.31,5.0,Santa_Barbara_Channel
2021-11-18,13.01,5.0,Santa_Barbara_Channel
2021-11-19,10.85,5.0,Santa_Barbara_Channel
2021-11-20,15.17,5.0,Santa_Barbara_Channel
2021-11-21,10.47,5.0,Santa_Barbara_Channel
2021-11-22,10.12,5.0,Santa_Barbara_Channel
2021-11-23,13.63,5.0,Santa_Barbara_Channel
2021-11-24,13.04,5.0,Santa_Barbara_Channel
2021-11-25,12.75,5.0,Santa_Barbara_Channel
2021-11-26,12.71,5.0,Santa_Barbara_Channel
2021-11-27,11.71,5.0,Santa_Barbara_Channel
2021-11-28,10.35,5.0,Santa_Barbara_Channel
2021-11-29,11.77,5.0,Santa_Barbara_Channel
2021-11-30,10.6,5.0,Santa_Barbara_Channel
2021-12-01,13.05,5.0,Santa_Barbara_Channel
2021-12-02,11.33,5.0,Santa_Barbara_Channel
2021-12-03,10.28,5.0,Santa_Barbara_Channel
2021-12-04,11.0,5.0,Santa_Barbara_Channel
2021-12-05,12.07,5.0,Santa_Barbara_Channel
2021-12-06,10.57,5.0,Santa_Barbara_Channel
2021-12-07,10.16,5.0,Santa_Barbara_Channel
2021-12-08,11.73,5.0,Santa_Barbara_Channel
2021-12-09,11.7,5.0,Santa_Barbara_Channel
2021-12-10,10.55,5.0,Santa_Barbara_Channel
2021-12-11,10.58,5.0,Santa_Barbara_Channel
2021-12-12,11.61,5.0,Santa_Barbara_Channel
2021-12-13,9.06,5.0,Santa_Barbara_Channel
2021-12-14,9.1,5.0,Santa_Barbara_Channel
2021-12-15,10.12,5.0,Santa_Barbara_Channel
2021-12-16,10.85,5.0,Santa_Barbara_Channel
2021-12-17,11.62,5.0,Santa_Barbara_Channel
2021-12-18,13.35,5.0,Santa_Barbara_Channel
2021-12-19,12.41,5.0,Santa_Barbara_Channel
2021-12-20,10.87,5.0,Santa_Barbara_Channel
2021-12-21,11.07,5.0,Santa_Barbara_Channel
2021-12-22,9.58,5.0,Santa_Barbara_Channel
2021-12-23,11.04,5.0,Santa_Barbara_Channel
2021-12-24,10.63,5.0,Santa_Barbara_Channel
2021-12-25,11.53,5.0,Santa_Barbara_Channel
2021-12-26,9.8,5.0,Santa_Barbara_Channel
2021-12-27,11.82,5.0,Santa_Barbara_Channel
2021-12-28,13.33,5.0,Santa_Barbara_Channel
2021-12-29,10.86,5.0,Santa_Barbara_Channel
2021-12-30,11.63,5.0,Santa_Barbara_Channel
2021-12-31,12.06,5.0,Santa_Barbara_Channel
2022-01-01,10.42,5.0,Santa_Barbara_Channel
2022-01-02,11.36,5.0,Santa_Barbara_Channel
2022-01-03,11.04,5.0,Santa_Barbara_Channel
2022-01-04,11.17,5.0,Santa_Barbara_Channel
2022-01-05,9.87,5.0,Santa_Barbara_Channel
2022-01-06,11.07,5.0,Santa_Barbara_Channel
2022-01-07,11.79,5.0,Santa_Barbara_Channel
2022-01-08,13.22,5.0,Santa_Barbara_Channel
2022-01-09,12.49,5.0,Santa_Barbara_Channel
2022-01-10,14.3,5.0,Santa_Barbara_Channel
2022-01-11,9.93,5.0,Santa_Barbara_Channel
2022-01-12,12.4,5.0,Santa_Barbara_Channel
2022-01-13,11.38,5.0,Santa_Barbara_Channel
2022-01-14,14.4,5.0,Santa_Barbara_Channel
2022-01-15,9.92,5.0,Santa_Barbara_Channel
2022-01-16,9.89,5.0,Santa_Barbara_Channel
2022-01-17,10.27,5.0,Santa_Barbara_Channel
2022-01-18,8.0,5.0,Santa_Barbara_Channel
2022-01-19,10.42,5.0,Santa_Barbara_Channel
2022-01-20,10.09,5.0,Santa_Barbara_Channel
2022-01-21,11.48,5.0,Santa_Barbara_Channel
2022-01-22,11.79,5.0,Santa_Barbara_Channel
2022-01-23,14.11,5.0,Santa_Barbara_Channel
2022-01-24,12.75,5.0,Santa_Barbara_Channel
2022-01-25,10.49,5.0,Santa_Barbara_Channel
2022-01-26,10.03,5.0,Santa_Barbara_Channel
2022-01-27,12.15,5.0,Santa_Barbara_Channel
2022-01-28,9.46,5.0,Santa_Barbara_Channel
2022-01-29,14.22,5.0,Santa_Barbara_Channel
2022-01-30,13.27,5.0,Santa_Barbara_Channel
2022-01-31,10.83,5.0,Santa_Barbara_Channel
2022-02-01,9.0,5.0,Santa_Barbara_Channel
2022-02-02,13.63,5.0,Santa_Barbara_Channel
2022-02-03,11.47,5.0,Santa_Barbara_Channel
2022-02-04,13.53,5.0,Santa_Barbara_Channel
2022-02-05,9.32,5.0,Santa_Barbara_Channel
2022-02-06,10.86,5.0,Santa_Barbara_Channel
2022-02-07,11.8,5.0,Santa_Barbara_Channel
2022-02-08,11.91,5.0,Santa_Barbara_Channel
2022-02-09,11.2,5.0,Santa_Barbara_Channel
2022-02-10,12.86,5.0,Santa_Barbara_Channel
2022-02-11,10.36,5.0,Santa_Barbara_Channel
2022-02-12,11.8,5.0,Santa_Barbara_Channel
2022-02-13,12.24,5.0,Santa_Barbara_Channel
2022-02-14,12.87,5.0,Santa_Barbara_Channel
2022-02-15,13.22,5.0,Santa_Barbara_Channel
2022-02-16,10.51,5.0,Santa_Barbara_Channel
2022-02-17,9.95,5.0,Santa_Barbara_Channel
2022-02-18,14.21,5.0,Santa_Barbara_Channel
2022-02-19,12.85,5.0,Santa_Barbara_Channel
2022-02-20,11.28,5.0,Santa_Barbara_Channel
2022-02-21,14.78,5.0,Santa_Barbara_Channel
2022-02-22,12.68,5.0,Santa_Barbara_Channel
2022-02-23,14.33,5.0,Santa_Barbara_Channel
2022-02-24,12.72,5.0,Santa_Barbara_Channel
2022-02-25,15.76,5.0,Santa_Barbara_Channel
2022-02-26,15.36,5.0,Santa_Barbara_Channel
2022-02-27,12.41,5.0,Santa_Barbara_Channel
2022-02-28,14.3,5.0,Santa_Barbara_Channel
2022-03-01,13.87,5.0,Santa_Barbara_Channel
2022-03-02,15.01,5.0,Santa_Barbara_Channel
2022-03-03,11.57,5.0,Santa_Barbara_Channel
2022-03-04,14.1,5.0,Santa_Barbara_Channel
2022-03-05,14.72,5.0,Santa_Barbara_Channel
2022-03-06,10.56,5.0,Santa_Barbara_Channel
2022-03-07,11.48,5.0,Santa_Barbara_Channel
2022-03-08,10.26,5.0,Santa_Barbara_Channel
2022-03-09,12.98,5.0,Santa_Barbara_Channel
2022-03-10,14.52,5.0,Santa_Barbara_Channel
2022-03-11,15.76,5.0,Santa_Barbara_Channel
2022-03-12,13.69,5.0,Santa_Barbara_Channel
2022-03-13,16.08,5.0,Santa_Barbara_Channel
2022-03-14,11.63,5.0,Santa_Barbara_Channel
2022-03-15,11.21,5.0,Santa_Barbara_Channel
2022-03-16,13.75,5.0,Santa_Barbara_Channel
2022-03-17,14.48,5.0,Santa_Barbara_Channel
2022-03-18,13.92,5.0,Santa_Barbara_Channel
2022-03-19,10.93,5.0,Santa_Barbara_Channel
2022-03-20,13.97,5.0,Santa_Barbara_Channel
2022-03-21,12.21,5.0,Santa_Barbara_Channel
2022-03-22,15.24,5.0,Santa_Barbara_Channel
2022-03-23,14.85,5.0,Santa_Barbara_Channel
2022-03-24,12.96,5.0,Santa_Barbara_Channel
2022-03-25,13.67,5.0,Santa_Barbara_Channel
2022-03-26,12.92,5.0,Santa_Barbara_Channel
2022-03-27,16.98,5.0,Santa_Barbara_Channel
2022-03-28,18.58,5.0,Santa_Barbara_Channel
2022-03-29,15.73,5.0,Santa_Barbara_Channel
2022-03-30,18.04,5.0,Santa_Barbara_Channel
2022-03-31,16.55,5.0,Santa_Barbara_Channel
2022-04-01,16.23,5.0,Santa_Barbara_Channel
2022-04-02,17.33,5.0,Santa_Barbara_Channel
2022-04-03,16.0,5.0,Santa_Barbara_Channel
2022-04-04,16.79,5.0,Santa_Barbara_Channel
2022-04-05,15.9,5.0,Santa_Barbara_Channel
2022-04-06,18.21,5.0,Santa_Barbara_Channel
2022-04-07,15.38,5.0,Santa_Barbara_Channel
2022-04-08,14.35,5.0,Santa_Barbara_Channel
2022-04-09,,5.0,Santa_Barbara_Channel
2022-04-10,15.37,5.0,Santa_Barbara_Channel
2022-04-11,15.27,5.0,Santa_Barbara_Channel
2022-04-12,16.59,5.0,Santa_Barbara_Channel
2022-04-13,16.88,5.0,Santa_Barbara_Channel
2022-04-14,15.01,5.0,Santa_Barbara_Channel
2022-04-15,15.01,5.0,Santa_Barbara_Channel
2022-04-16,15.53,5.0,Santa_Barbara_Channel
2022-04-17,12.56,5.0,Santa_Barbara_Channel
2022-04-18,13.8,5.0,Santa_Barbara_Channel
2022-04-19,18.19,5.0,Santa_Barbara_Channel
2022-04-20,18.68,5.0,Santa_Barbara_Channel
2022-04-21,15.9,5.0,Santa_Barbara_Channel
2022-04-22,17.2,5.0,Santa_Barbara_Channel
2022-04-23,16.87,5.0,Santa_Barbara_Channel
2022-04-24,21.09,5.0,Santa_Barbara_Channel
2022-04-25,18.21,5.0,Santa_Barbara_Channel
2022-04-26,16.4,5.0,Santa_Barbara_Channel
2022-04-27,15.23,5.0,Santa_Barbara_Channel
2022-04-28,14.31,5.0,Santa_Barbara_Channel
2022-04-29,17.09,5.0,Santa_Barbara_Channel
2022-04-30,15.71,5.0,Santa_Barbara_Channel
2022-05-01,14.77,5.0,Santa_Barbara_Channel
2022-05-02,16.0,5.0,Santa_Barbara_Channel
2022-05-03,15.4,5.0,Santa_Barbara_Channel
2022-05-04,19.62,5.0,Santa_Barbara_Channel
2022-05-05,18.47,5.0,Santa_Barbara_Channel
2022-05-06,17.19,5.0,Santa_Barbara_Channel
2022-05-07,19.48,5.0,Santa_Barbara_Channel
2022-05-08,17.43,5.0,Santa_Barbara_Channel
2022-05-09,16.08,5.0,Santa_Barbara_Channel
2022-05-10,19.71,5.0,Santa_Barbara_Channel
2022-05-11,18.29,5.0,Santa_Barbara_Channel
2022-05-12,15.98,5.0,Santa_Barbara_Channel
2022-05-13,17.31,5.0,Santa_Barbara_Channel
2022-05-14,16.33,5.0,Santa_Barbara_Channel
2022-05-15,15.62,5.0,Santa_Barbara_Channel
2022-05-16,19.14,5.0,Santa_Barbara_Channel
2022-05-17,20.66,5.0,Santa_Barbara_Channel
2022-05-18,15.75,5.0,Santa_Barbara_Channel
2022-05-19,18.74,5.0,Santa_Barbara_Channel
2022-05-20,16.97,5.0,Santa_Barbara_Channel
2022-05-21,17.26,5.0,Santa_Barbara_Channel
2022-05-22,17.15,5.0,Santa_Barbara_Channel
2022-05-23,16.78,5.0,Santa_Barbara_Channel
2022-05-24,18.2,5.0,Santa_Barbara_Channel
2022-05-25,16.92,5.0,Santa_Barbara_Channel
2022-05-26,18.61,5.0,Santa_Barbara_Channel
2022-05-27,18.17,5.0,Santa_Barbara_Channel
2022-05-28,17.93,5.0,Santa_Barbara_Channel
2022-05-29,16.97,5.0,Santa_Barbara_Channel
2022-05-30,17.5,5.0,Santa_Barbara_Channel
2022-05-31,19.54,5.0,Santa_Barbara_Channel
2022-06-01,19.19,5.0,Santa_Barbara_Channel
2022-06-02,17.01,5.0,Santa_Barbara_Channel
2022-06-03,18.66,5.0,Santa_Barbara_Channel
2022-06-04,19.67,5.0,Santa_Barbara_Channel
2022-06-05,16.07,5.0,Santa_Barbara_Channel
2022-06-06,19.42,5.0,Santa_Barbara_Channel
2022-06-07,17.64,5.0,Santa_Barbara_Channel
2022-06-08,19.52,5.0,Santa_Barbara_Channel
2022-06-09,17.55,5.0,Santa_Barbara_Channel
2022-06-10,16.02,5.0,Santa_Barbara_Channel
2022-06-11,16.31,5.0,Santa_Barbara_Channel
2022-06-12,18.85,5.0,Santa_Barbara_Channel
2022-06-13,19.19,5.0,Santa_Barbara_Channel
2022-06-14,17.46,5.0,Santa_Barbara_Channel
2022-06-15,19.8,5.0,Santa_Barbara_Channel
2022-06-16,16.37,5.0,Santa_Barbara_Channel
2022-06-17,18.78,5.0,Santa_Barbara_Channel
2022-06-18,17.08,5.0,Santa_Barbara_Channel
2022-06-19,17.94,5.0,Santa_Barbara_Channel
2022-06-20,19.0,5.0,Santa_Barbara_Channel
2022-06-21,17.66,5.0,Santa_Barbara_Channel
2022-06-22,18.38,5.0,Santa_Barbara_Channel
2022-06-23,20.48,5.0,Santa_Barbara_Channel
2022-06-24,18.12,5.0,Santa_Barbara_Channel
2022-06-25,20.25,5.0,Santa_Barbara_Channel
2022-06-26,17.31,5.0,Santa_Barbara_Channel
2022-06-27,19.8,5.0,Santa_Barbara_Channel
2022-06-28,21.18,5.0,Santa_Barbara_Channel
2022-06-29,15.31,5.0,Santa_Barbara_Channel
2022-06-30,17.83,5.0,Santa_Barbara_Channel
2022-07-01,19.89,5.0,Santa_Barbara_Channel
2022-07-02,18.72,5.0,Santa_Barbara_Channel
2022-07-03,19.59,5.0,Santa_Barbara_Channel
2022-07-04,18.12,5.0,Santa_Barbara_Channel
2022-07-05,19.16,5.0,Santa_Barbara_Channel
2022-07-06,18.79,5.0,Santa_Barbara_Channel
2022-07-07,20.77,5.0,Santa_Barbara_Channel
2022-07-08,19.4,5.0,Santa_Barbara_Channel
2022-07-09,19.51,5.0,Santa_Barbara_Channel
2022-07-10,18.38,5.0,Santa_Barbara_Channel
2022-07-11,18.26,5.0,Santa_Barbara_Channel
2022-07-12,18.33,5.0,Santa_Barbara_Channel
2022-07-13,19.56,5.0,Santa_Barbara_Channel
2022-07-14,18.33,5.0,Santa_Barbara_Channel
2022-07-15,19.38,5.0,Santa_Barbara_Channel
2022-07-16,22.04,5.0,Santa_Barbara_Channel
2022-07-17,20.22,5.0,Santa_Barbara_Channel
2022-07-18,18.41,5.0,Santa_Barbara_Channel
2022-07-19,20.68,5.0,Santa_Barbara_Channel
2022-07-20,18.25,5.0,Santa_Barbara_Channel
2022-07-21,15.78,5.0,Santa_Barbara_Channel
2022-07-22,17.3,5.0,Santa_Barbara_Channel
2022-07-23,15.99,5.0,Santa_Barbara_Channel
2022-07-24,18.24,5.0,Santa_Barbara_Channel
2022-07-25,18.77,5.0,Santa_Barbara_Channel
2022-07-26,21.23,5.0,Santa_Barbara_Channel
2022-07-27,19.18,5.0,Santa_Barbara_Channel
2022-07-28,18.33,5.0,Santa_Barbara_Channel
2022-07-29,19.88,5.0,Santa_Barbara_Channel
2022-07-30,15.29,5.0,Santa_Barbara_Channel
2022-07-31,18.93,5.0,Santa_Barbara_Channel
2022-08-01,19.7,5.0,Santa_Barbara_Channel
2022-08-02,16.29,5.0,Santa_Barbara_Channel
2022-08-03,20.19,5.0,Santa_Barbara_Channel
2022-08-04,18.94,5.0,Santa_Barbara_Channel
2022-08-05,17.78,5.0,Santa_Barbara_Channel
2022-08-06,19.31,5.0,Santa_Barbara_Channel
2022-08-07,21.73,5.0,Santa_Barbara_Channel
2022-08-08,18.56,5.0,Santa_Barbara_Channel
2022-08-09,18.62,5.0,Santa_Barbara_Channel
2022-08-10,17.51,5.0,Santa_Barbara_Channel
2022-08-11,16.89,5.0,Santa_Barbara_Channel
2022-08-12,19.36,5.0,Santa_Barbara_Channel
2022-08-13,16.79,5.0,Santa_Barbara_Channel
2022-08-14,18.13,5.0,Santa_Barbara_Channel
2022-08-15,17.26,5.0,Santa_Barbara_Channel
2022-08-16,18.65,5.0,Santa_Barbara_Channel
2022-08-17,18.39,5.0,Santa_Barbara_Channel
2022-08-18,19.39,5.0,Santa_Barbara_Channel
2022-08-19,17.02,5.0,Santa_Barbara_Channel
2022-08-20,17.33,5.0,Santa_Barbara_Channel
2022-08-21,16.22,5.0,Santa_Barbara_Channel
2022-08-22,16.97,5.0,Santa_Barbara_Channel
2022-08-23,18.15,5.0,Santa_Barbara_Channel
2022-08-24,18.67,5.0,Santa_Barbara_Channel
2022-08-25,16.09,5.0,Santa_Barbara_Channel
2022-08-26,18.73,5.0,Santa_Barbara_Channel
2022-08-27,19.4,5.0,Santa_Barbara_Channel
2022-08-28,17.93,5.0,Santa_Barbara_Channel
2022-08-29,20.07,5.0,Santa_Barbara_Channel
2022-08-30,16.03,5.0,Santa_Barbara_Channel
2022-08-31,15.27,5.0,Santa_Barbara_Channel
2022-09-01,14.41,5.0,Santa_Barbara_Channel
2022-09-02,19.26,5.0,Santa_Barbara_Channel
2022-09-03,17.94,5.0,Santa_Barbara_Channel
2022-09-04,16.81,5.0,Santa_Barbara_Channel
2022-09-05,17.26,5.0,Santa_Barbara_Channel
2022-09-06,15.09,5.0,Santa_Barbara_Channel
2022-09-07,20.38,5.0,Santa_Barbara_Channel
2022-09-08,16.84,5.0,Santa_Barbara_Channel
2022-09-09,16.75,5.0,Santa_Barbara_Channel
2022-09-10,17.61,5.0,Santa_Barbara_Channel
2022-09-11,17.18,5.0,Santa_Barbara_Channel
2022-09-12,16.73,5.0,Santa_Barbara_Channel
2022-09-13,15.14,5.0,Santa_Barbara_Channel
2022-09-14,16.97,5.0,Santa_Barbara_Channel
2022-09-15,19.02,5.0,Santa_Barbara_Channel
2022-09-16,18.15,5.0,Santa_Barbara_Channel
2022-09-17,18.46,5.0,Santa_Barbara_Channel
2022-09-18,15.23,5.0,Santa_Barbara_Channel
2022-09-19,14.45,5.0,Santa_Barbara_Channel
2022-09-20,15.68,5.0,Santa_Barbara_Channel
2022-09-21,15.88,5.0,Santa_Barbara_Channel
2022-09-22,17.37,5.0,Santa_Barbara_Channel
2022-09-23,13.13,5.0,Santa_Barbara_Channel
2022-09-24,17.89,5.0,Santa_Barbara_Channel
2022-09-25,15.29,5.0,Santa_Barbara_Channel
2022-09-26,14.82,5.0,Santa_Barbara_Channel
2022-09-27,13.87,5.0,Santa_Barbara_Channel
2022-09-28,12.84,5.0,Santa_Barbara_Channel
2022-09-29,16.49,5.0,Santa_Barbara_Channel
2022-09-30,15.3,5.0,Santa_Barbara_Channel
2022-10-01,13.18,5.0,Santa_Barbara_Channel
2022-10-02,13.11,5.0,Santa_Barbara_Channel
2022-10-03,14.48,5.0,Santa_Barbara_Channel
2022-10-04,17.41,5.0,Santa_Barbara_Channel
2022-10-05,14.45,5.0,Santa_Barbara_Channel
2022-10-06,,5.0,Santa_Barbara_Channel
2022-10-07,14.34,5.0,Santa_Barbara_Channel
2022-10-08,14.23,5.0,Santa_Barbara_Channel
2022-10-09,10.52,5.0,Santa_Barbara_Channel
2022-10-10,14.42,5.0,Santa_Barbara_Channel
2022-10-11,14.09,5.0,Santa_Barbara_Channel
2022-10-12,15.41,5.0,Santa_Barbara_Channel
2022-10-13,17.07,5.0,Santa_Barbara_Channel
2022-10-14,15.92,5.0,Santa_Barbara_Channel
2022-10-15,13.76,5.0,Santa_Barbara_Channel
2022-10-16,12.43,5.0,Santa_Barbara_Channel
2022-10-17,17.89,5.0,Santa_Barbara_Channel
2022-10-18,14.05,5.0,Santa_Barbara_Channel
2022-10-19,13.92,5.0,Santa_Barbara_Channel
2022-10-20,13.79,5.0,Santa_Barbara_Channel
2022-10-21,14.06,5.0,Santa_Barbara_Channel
2022-10-22,13.48,5.0,Santa_Barbara_Channel
2022-10-23,12.77,5.0,Santa_Barbara_Channel
2022-10-24,12.75,5.0,Santa_Barbara_Channel
2022-10-25,13.46,5.0,Santa_Barbara_Channel
2022-10-26,12.63,5.0,Santa_Barbara_Channel
2022-10-27,12.31,5.0,Santa_Barbara_Channel
2022-10-28,13.48,5.0,Santa_Barbara_Channel
2022-10-29,12.87,5.0,Santa_Barbara_Channel
2022-10-30,15.45,5.0,Santa_Barbara_Channel
2022-10-31,9.16,5.0,Santa_Barbara_Channel
2022-11-01,14.71,5.0,Santa_Barbara_Channel
2022-11-02,14.88,5.0,Santa_Barbara_Channel
2022-11-03,9.85,5.0,Santa_Barbara_Channel
2022-11-04,12.38,5.0,Santa_Barbara_Channel
2022-11-05,12.28,5.0,Santa_Barbara_Channel
2022-11-06,10.67,5.0,Santa_Barbara_Channel
2022-11-07,11.56,5.0,Santa_Barbara_Channel
2022-11-08,11.0,5.0,Santa_Barbara_Channel
2022-11-09,15.24,5.0,Santa_Barbara_Channel
2022-11-10,13.96,5.0,Santa_Barbara_Channel
2022-11-11,14.41,5.0,Santa_Barbara_Channel
2022-11-12,13.54,5.0,Santa_Barbara_Channel
2022-11-13,10.71,5.0,Santa_Barbara_Channel
2022-11-14,11.56,5.0,Santa_Barbara_Channel
2022-11-15,13.03,5.0,Santa_Barbara_Channel
2022-11-16,10.42,5.0,Santa_Barbara_Channel
2022-11-17,13.27,5.0,Santa_Barbara_Channel
2022-11-18,11.79,5.0,Santa_Barbara_Channel
2022-11-19,11.54,5.0,Santa_Barbara_Channel
2022-11-20,13.13,5.0,Santa_Barbara_Channel
2022-11-21,12.68,5.0,Santa_Barbara_Channel
2022-11-22,11.43,5.0,Santa_Barbara_Channel
2022-11-23,13.67,5.0,Santa_Barbara_Channel
2022-11-24,10.26,5.0,Santa_Barbara_Channel
2022-11-25,12.77,5.0,Santa_Barbara_Channel
2022-11-26,12.69,5.0,Santa_Barbara_Channel
2022-11-27,11.3,5.0,Santa_Barbara_Channel
2022-11-28,12.21,5.0,Santa_Barbara_Channel
2022-11-29,9.81,5.0,Santa_Barbara_Channel
2022-11-30,13.03,5.0,Santa_Barbara_Channel
2022-12-01,11.33,5.0,Santa_Barbara_Channel
2022-12-02,10.79,5.0,Santa_Barbara_Channel
2022-12-03,13.12,5.0,Santa_Barbara_Channel
2022-12-04,10.45,5.0,Santa_Barbara_Channel
2022-12-05,9.37,5.0,Santa_Barbara_Channel
2022-12-06,9.11,5.0,Santa_Barbara_Channel
2022-12-07,12.33,5.0,Santa_Barbara_Channel
2022-12-08,9.47,5.0,Santa_Barbara_Channel
2022-12-09,13.99,5.0,Santa_Barbara_Channel
2022-12-10,8.21,5.0,Santa_Barbara_Channel
2022-12-11,13.85,5.0,Santa_Barbara_Channel
2022-12-12,11.6,5.0,Santa_Barbara_Channel
2022-12-13,11.12,5.0,Santa_Barbara_Channel
2022-12-14,10.42,5.0,Santa_Barbara_Channel
2022-12-15,11.82,5.0,Santa_Barbara_Channel
2022-12-16,11.14,5.0,Santa_Barbara_Channel
2022-12-17,12.84,5.0,Santa_Barbara_Channel
2022-12-18,11.33,5.0,Santa_Barbara_Channel
2022-12-19,11.37,5.0,Santa_Barbara_Channel
2022-12-20,10.59,5.0,Santa_Barbara_Channel
2022-12-21,11.03,5.0,Santa_Barbara_Channel
2022-12-22,11.57,5.0,Santa_Barbara_Channel
2022-12-23,8.53,5.0,Santa_Barbara_Channel
2022-12-24,9.06,5.0,Santa_Barbara_Channel
2022-12-25,12.19,5.0,Santa_Barbara_Channel
2022-12-26,11.32,5.0,Santa_Barbara_Channel
2022-12-27,10.78,5.0,Santa_Barbara_Channel
2022-12-28,11.08,5.0,Santa_Barbara_Channel
2022-12-29,11.57,5.0,Santa_Barbara_Channel
2022-12-30,10.23,5.0,Santa_Barbara_Channel
2022-12-31,9.87,5.0,Santa_Barbara_Channel
2023-01-01,11.33,5.0,Santa_Barbara_Channel
2023-01-02,9.57,5.0,Santa_Barbara_Channel
2023-01-03,11.65,5.0,Santa_Barbara_Channel
2023-01-04,8.49,5.0,Santa_Barbara_Channel
2023-01-05,12.59,5.0,Santa_Barbara_Channel
2023-01-06,11.76,5.0,Santa_Barbara_Channel
2023-01-07,11.44,5.0,Santa_Barbara_Channel
2023-01-08,12.54,5.0,Santa_Barbara_Channel
2023-01-09,13.57,5.0,Santa_Barbara_Channel
2023-01-10,12.6,5.0,Santa_Barbara_Channel
2023-01-11,8.33,5.0,Santa_Barbara_Channel
2023-01-12,9.19,5.0,Santa_Barbara_Channel
2023-01-13,10.18,5.0,Santa_Barbara_Channel
2023-01-14,11.17,5.0,Santa_Barbara_Channel
2023-01-15,11.92,5.0,Santa_Barbara_Channel
2023-01-16,10.08,5.0,Santa_Barbara_Channel
2023-01-17,11.46,5.0,Santa_Barbara_Channel
2023-01-18,10.07,5.0,Santa_Barbara_Channel
2023-01-19,10.3,5.0,Santa_Barbara_Channel
2023-01-20,9.13,5.0,Santa_Barbara_Channel
2023-01-21,9.88,5.0,Santa_Barbara_Channel
2023-01-22,9.26,5.0,Santa_Barbara_Channel
2023-01-23,9.85,5.0,Santa_Barbara_Channel
2023-01-24,12.92,5.0,Santa_Barbara_Channel
2023-01-25,9.94,5.0,Santa_Barbara_Channel
2023-01-26,15.34,5.0,Santa_Barbara_Channel
2023-01-27,12.16,5.0,Santa_Barbara_Channel
2023-01-28,11.73,5.0,Santa_Barbara_Channel
2023-01-29,10.19,5.0,Santa_Barbara_Channel
2023-01-30,12.56,5.0,Santa_Barbara_Channel
2023-01-31,10.68,5.0,Santa_Barbara_Channel
2023-02-01,11.76,5.0,Santa_Barbara_Channel
2023-02-02,15.45,5.0,Santa_Barbara_Channel
2023-02-03,11.51,5.0,Santa_Barbara_Channel
2023-02-04,13.41,5.0,Santa_Barbara_Channel
2023-02-05,10.67,5.0,Santa_Barbara_Channel
2023-02-06,11.71,5.0,Santa_Barbara_Channel
2023-02-07,14.46,5.0,Santa_Barbara_Channel
2023-02-08,10.91,5.0,Santa_Barbara_Channel
2023-02-09,14.61,5.0,Santa_Barbara_Channel
2023-02-10,12.99,5.0,Santa_Barbara_Channel
2023-02-11,11.13,5.0,Santa_Barbara_Channel
2023-02-12,12.97,5.0,Santa_Barbara_Channel
2023-02-13,13.52,5.0,Santa_Barbara_Channel
2023-02-14,13.04,5.0,Santa_Barbara_Channel
2023-02-15,9.8,5.0,Santa_Barbara_Channel
2023-02-16,11.12,5.0,Santa_Barbara_Channel
2023-02-17,11.88,5.0,Santa_Barbara_Channel
2023-02-18,12.19,5.0,Santa_Barbara_Channel
2023-02-19,13.29,5.0,Santa_Barbara_Channel
2023-02-20,12.67,5.0,Santa_Barbara_Channel
2023-02-21,10.46,5.0,Santa_Barbara_Channel
2023-02-22,13.08,5.0,Santa_Barbara_Channel
2023-02-23,13.48,5.0,Santa_Barbara_Channel
2023-02-24,13.46,5.0,Santa_Barbara_Channel
2023-02-25,14.3,5.0,Santa_Barbara_Channel
2023-02-26,13.98,5.0,Santa_Barbara_Channel
2023-02-27,13.48,5.0,Santa_Barbara_Channel
2023-02-28,12.74,5.0,Santa_Barbara_Channel
2023-03-01,10.41,5.0,Santa_Barbara_Channel
2023-03-02,13.61,5.0,Santa_Barbara_Channel
2023-03-03,13.33,5.0,Santa_Barbara_Channel
2023-03-04,13.49,5.0,Santa_Barbara_Channel
2023-03-05,11.23,5.0,Santa_Barbara_Channel
2023-03-06,11.58,5.0,Santa_Barbara_Channel
2023-03-07,14.84,5.0,Santa_Barbara_Channel
2023-03-08,13.27,5.0,Santa_Barbara_Channel
2023-03-09,14.41,5.0,Santa_Barbara_Channel
2023-03-10,13.49,5.0,Santa_Barbara_Channel
2023-03-11,13.56,5.0,Santa_Barbara_Channel
2023-03-12,14.99,5.0,Santa_Barbara_Channel
2023-03-13,12.87,5.0,Santa_Barbara_Channel
2023-03-14,13.85,5.0,Santa_Barbara_Channel
2023-03-15,13.08,5.0,Santa_Barbara_Channel
2023-03-16,13.19,5.0,Santa_Barbara_Channel
2023-03-17,13.44,5.0,Santa_Barbara_Channel
2023-03-18,14.3,5.0,Santa_Barbara_Channel
2023-03-19,13.32,5.0,Santa_Barbara_Channel
2023-03-20,15.99,5.0,Santa_Barbara_Channel
2023-03-21,12.83,5.0,Santa_Barbara_Channel
2023-03-22,13.96,5.0,Santa_Barbara_Channel
2023-03-23,13.65,5.0,Santa_Barbara_Channel
2023-03-24,16.54,5.0,Santa_Barbara_Channel
2023-03-25,14.74,5.0,Santa_Barbara_Channel
2023-03-26,16.06,5.0,Santa_Barbara_Channel
2023-03-27,12.35,5.0,Santa_Barbara_Channel
2023-03-28,15.05,5.0,Santa_Barbara_Channel
2023-03-29,16.05,5.0,Santa_Barbara_Channel
2023-03-30,14.91,5.0,Santa_Barbara_Channel
2023-03-31,16.45,5.0,Santa_Barbara_Channel
2023-04-01,15.94,5.0,Santa_Barbara_Channel
2023-04-02,18.9,5.0,Santa_Barbara_Channel
2023-04-03,20.31,5.0,Santa_Barbara_Channel
2023-04-04,16.38,5.0,Santa_Barbara_Channel
2023-04-05,16.33,5.0,Santa_Barbara_Channel
2023-04-06,19.24,5.0,Santa_Barbara_Channel
2023-04-07,19.5,5.0,Santa_Barbara_Channel
2023-04-08,16.42,5.0,Santa_Barbara_Channel
2023-04-09,14.84,5.0,Santa_Barbara_Channel
2023-04-10,15.12,5.0,Santa_Barbara_Channel
2023-04-11,13.59,5.0,Santa_Barbara_Channel
2023-04-12,14.3,5.0,Santa_Barbara_Channel
2023-04-13,14.24,5.0,Santa_Barbara_Channel
2023-04-14,14.66,5.0,Santa_Barbara_Channel
2023-04-15,15.83,5.0,Santa_Barbara_Channel
2023-04-16,16.3,5.0,Santa_Barbara_Channel
2023-04-17,18.34,5.0,Santa_Barbara_Channel
2023-04-18,14.58,5.0,Santa_Barbara_Channel
2023-04-19,17.62,5.0,Santa_Barbara_Channel
2023-04-20,15.89,5.0,Santa_Barbara_Channel
2023-04-21,16.2,5.0,Santa_Barbara_Channel
2023-04-22,17.35,5.0,Santa_Barbara_Channel
2023-04-23,14.72,5.0,Santa_Barbara_Channel
2023-04-24,17.05,5.0,Santa_Barbara_Channel
2023-04-25,16.79,5.0,Santa_Barbara_Channel
2023-04-26,17.34,5.0,Santa_Barbara_Channel
2023-04-27,17.1,5.0,Santa_Barbara_Channel
2023-04-28,20.41,5.0,Santa_Barbara_Channel
2023-04-29,15.83,5.0,Santa_Barbara_Channel
2023-04-30,16.05,5.0,Santa_Barbara_Channel
2023-05-01,15.98,5.0,Santa_Barbara_Channel
2023-05-02,16.14,5.0,Santa_Barbara_Channel
2023-05-03,16.08,5.0,Santa_Barbara_Channel
2023-05-04,18.87,5.0,Santa_Barbara_Channel
2023-05-05,19.28,5.0,Santa_Barbara_Channel
2023-05-06,16.35,5.0,Santa_Barbara_Channel
2023-05-07,16.02,5.0,Santa_Barbara_Channel
2023-05-08,18.03,5.0,Santa_Barbara_Channel
2023-05-09,16.55,5.0,Santa_Barbara_Channel
2023-05-10,18.38,5.0,Santa_Barbara_Channel
2023-05-11,17.79,5.0,Santa_Barbara_Channel
2023-05-12,15.27,5.0,Santa_Barbara_Channel
2023-05-13,19.92,5.0,Santa_Barbara_Channel
2023-05-14,20.34,5.0,Santa_Barbara_Channel
2023-05-15,16.78,5.0,Santa_Barbara_Channel
2023-05-16,17.17,5.0,Santa_Barbara_Channel
2023-05-17,18.23,5.0,Santa_Barbara_Channel
2023-05-18,18.35,5.0,Santa_Barbara_Channel
2023-05-19,18.89,5.0,Santa_Barbara_Channel
2023-05-20,20.96,5.0,Santa_Barbara_Channel
2023-05-21,17.73,5.0,Santa_Barbara_Channel
2023-05-22,16.85,5.0,Santa_Barbara_Channel
2023-05-23,16.02,5.0,Santa_Barbara_Channel
2023-05-24,17.04,5.0,Santa_Barbara_Channel
2023-05-25,18.13,5.0,Santa_Barbara_Channel
2023-05-26,20.91,5.0,Santa_Barbara_Channel
2023-05-27,17.48,5.0,Santa_Barbara_Channel
2023-05-28,18.64,5.0,Santa_Barbara_Channel
2023-05-29,18.32,5.0,Santa_Barbara_Channel
2023-05-30,20.16,5.0,Santa_Barbara_Channel
2023-05-31,22.21,5.0,Santa_Barbara_Channel
2023-06-01,17.66,5.0,Santa_Barbara_Channel
2023-06-02,17.75,5.0,Santa_Barbara_Channel
2023-06-03,20.09,5.0,Santa_Barbara_Channel
2023-06-04,19.58,5.0,Santa_Barbara_Channel
2023-06-05,21.36,5.0,Santa_Barbara_Channel
2023-06-06,19.5,5.0,Santa_Barbara_Channel
2023-06-07,18.11,5.0,Santa_Barbara_Channel
2023-06-08,19.57,5.0,Santa_Barbara_Channel
2023-06-09,20.37,5.0,Santa_Barbara_Channel
2023-06-10,19.97,5.0,Santa_Barbara_Channel
2023-06-11,19.52,5.0,Santa_Barbara_Channel
2023-06-12,20.39,5.0,Santa_Barbara_Channel
2023-06-13,20.57,5.0,Santa_Barbara_Channel
2023-06-14,20.91,5.0,Santa_Barbara_Channel
2023-06-15,19.83,5.0,Santa_Barbara_Channel
2023-06-16,18.63,5.0,Santa_Barbara_Channel
2023-06-17,19.12,5.0,Santa_Barbara_Channel
2023-06-18,20.72,5.0,Santa_Barbara_Channel
2023-06-19,17.71,5.0,Santa_Barbara_Channel
2023-06-20,19.5,5.0,Santa_Barbara_Channel
2023-06-21,18.37,5.0,Santa_Barbara_Channel
2023-06-22,19.02,5.0,Santa_Barbara_Channel
2023-06-23,20.91,5.0,Santa_Barbara_Channel
2023-06-24,19.29,5.0,Santa_Barbara_Channel
2023-06-25,19.08,5.0,Santa_Barbara_Channel
2023-06-26,16.98,5.0,Santa_Barbara_Channel
2023-06-27,20.15,5.0,Santa_Barbara_Channel
2023-06-28,20.0,5.0,Santa_Barbara_Channel
2023-06-29,22.28,5.0,Santa_Barbara_Channel
2023-06-30,18.58,5.0,Santa_Barbara_Channel
2023-07-01,,5.0,Santa_Barbara_Channel
2023-07-02,19.42,5.0,Santa_Barbara_Channel
2023-07-03,21.42,5.0,Santa_Barbara_Channel
2023-07-04,18.91,5.0,Santa_Barbara_Channel
2023-07-05,19.47,5.0,Santa_Barbara_Channel
2023-07-06,19.96,5.0,Santa_Barbara_Channel
2023-07-07,19.32,5.0,Santa_Barbara_Channel
2023-07-08,18.37,5.0,Santa_Barbara_Channel
2023-07-09,19.32,5.0,Santa_Barbara_Channel
2023-07-10,20.63,5.0,Santa_Barbara_Channel
2023-07-11,17.47,5.0,Santa_Barbara_Channel
2023-07-12,19.2,5.0,Santa_Barbara_Channel
2023-07-13,17.94,5.0,Santa_Barbara_Channel
2023-07-14,20.77,5.0,Santa_Barbara_Channel
2023-07-15,16.68,5.0,Santa_Barbara_Channel
2023-07-16,18.11,5.0,Santa_Barbara_Channel
2023-07-17,19.5,5.0,Santa_Barbara_Channel
2023-07-18,21.27,5.0,Santa_Barbara_Channel
2023-07-19,18.8,5.0,Santa_Barbara_Channel
2023-07-20,18.05,5.0,Santa_Barbara_Channel
2023-07-21,21.69,5.0,Santa_Barbara_Channel
2023-07-22,16.67,5.0,Santa_Barbara_Channel
2023-07-23,15.52,5.0,Santa_Barbara_Channel
2023-07-24,,5.0,Santa_Barbara_Channel
2023-07-25,18.02,5.0,Santa_Barbara_Channel
2023-07-26,17.21,5.0,Santa_Barbara_Channel
2023-07-27,19.78,5.0,Santa_Barbara_Channel
2023-07-28,19.06,5.0,Santa_Barbara_Channel
2023-07-29,17.82,5.0,Santa_Barbara_Channel
2023-07-30,16.71,5.0,Santa_Barbara_Channel
2023-07-31,19.91,5.0,Santa_Barbara_Channel
2023-08-01,19.54,5.0,Santa_Barbara_Channel
2023-08-02,18.39,5.0,Santa_Barbara_Channel
2023-08-03,21.27,5.0,Santa_Barbara_Channel
2023-08-04,16.86,5.0,Santa_Barbara_Channel
2023-08-05,16.14,5.0,Santa_Barbara_Channel
2023-08-06,17.35,5.0,Santa_Barbara_Channel
2023-08-07,18.29,5.0,Santa_Barbara_Channel
2023-08-08,18.68,5.0,Santa_Barbara_Channel
2023-08-09,17.91,5.0,Santa_Barbara_Channel
2023-08-10,18.76,5.0,Santa_Barbara_Channel
2023-08-11,16.31,5.0,Santa_Barbara_Channel
2023-08-12,20.31,5.0,Santa_Barbara_Channel
2023-08-13,17.98,5.0,Santa_Barbara_Channel
2023-08-14,19.73,5.0,Santa_Barbara_Channel
2023-08-15,18.53,5.0,Santa_Barbara_Channel
2023-08-16,18.65,5.0,Santa_Barbara_Channel
2023-08-17,18.77,5.0,Santa_Barbara_Channel
2023-08-18,18.54,5.0,Santa_Barbara_Channel
2023-08-19,18.79,5.0,Santa_Barbara_Channel
2023-08-20,19.76,5.0,Santa_Barbara_Channel
2023-08-21,18.02,5.0,Santa_Barbara_Channel
2023-08-22,18.73,5.0,Santa_Barbara_Channel
2023-08-23,17.48,5.0,Santa_Barbara_Channel
2023-08-24,19.72,5.0,Santa_Barbara_Channel
2023-08-25,16.49,5.0,Santa_Barbara_Channel
2023-08-26,20.16,5.0,Santa_Barbara_Channel
2023-08-27,17.34,5.0,Santa_Barbara_Channel
2023-08-28,15.2,5.0,Santa_Barbara_Channel
2023-08-29,17.48,5.0,Santa_Barbara_Channel
2023-08-30,16.21,5.0,Santa_Barbara_Channel
2023-08-31,18.43,5.0,Santa_Barbara_Channel
2023-09-01,16.13,5.0,Santa_Barbara_Channel
2023-09-02,16.38,5.0,Santa_Barbara_Channel
2023-09-03,14.16,5.0,Santa_Barbara_Channel
2023-09-04,16.25,5.0,Santa_Barbara_Channel
2023-09-05,13.24,5.0,Santa_Barbara_Channel
2023-09-06,14.43,5.0,Santa_Barbara_Channel
2023-09-07,17.89,5.0,Santa_Barbara_Channel
2023-09-08,17.86,5.0,Santa_Barbara_Channel
2023-09-09,17.26,5.0,Santa_Barbara_Channel
2023-09-10,15.11,5.0,Santa_Barbara_Channel
2023-09-11,16.42,5.0,Santa_Barbara_Channel
2023-09-12,16.43,5.0,Santa_Barbara_Channel
2023-09-13,14.63,5.0,Santa_Barbara_Channel
2023-09-14,18.56,5.0,Santa_Barbara_Channel
2023-09-15,17.55,5.0,Santa_Barbara_Channel
2023-09-16,15.84,5.0,Santa_Barbara_Channel
2023-09-17,16.14,5.0,Santa_Barbara_Channel
2023-09-18,16.35,5.0,Santa_Barbara_Channel
2023-09-19,12.91,5.0,Santa_Barbara_Channel
2023-09-20,15.53,5.0,Santa_Barbara_Channel
2023-09-21,14.81,5.0,Santa_Barbara_Channel
2023-09-22,14.27,5.0,Santa_Barbara_Channel
2023-09-23,15.28,5.0,Santa_Barbara_Channel
2023-09-24,18.33,5.0,Santa_Barbara_Channel
2023-09-25,16.53,5.0,Santa_Barbara_Channel
2023-09-26,14.64,5.0,Santa_Barbara_Channel
2023-09-27,16.29,5.0,Santa_Barbara_Channel
2023-09-28,17.46,5.0,Santa_Barbara_Channel
2023-09-29,16.68,5.0,Santa_Barbara_Channel
2023-09-30,15.31,5.0,Santa_Barbara_Channel
2023-10-01,14.18,5.0,Santa_Barbara_Channel
2023-10-02,16.13,5.0,Santa_Barbara_Channel
2023-10-03,15.61,5.0,Santa_Barbara_Channel
2023-10-04,16.29,5.0,Santa_Barbara_Channel
2023-10-05,15.83,5.0,Santa_Barbara_Channel
2023-10-06,16.38,5.0,Santa_Barbara_Channel
2023-10-07,13.94,5.0,Santa_Barbara_Channel
2023-10-08,16.65,5.0,Santa_Barbara_Channel
2023-10-09,14.9,5.0,Santa_Barbara_Channel
2023-10-10,17.65,5.0,Santa_Barbara_Channel
2023-10-11,13.43,5.0,Santa_Barbara_Channel
2023-10-12,17.0,5.0,Santa_Barbara_Channel
2023-10-13,14.63,5.0,Santa_Barbara_Channel
2023-10-14,13.29,5.0,Santa_Barbara_Channel
2023-10-15,13.47,5.0,Santa_Barbara_Channel
2023-10-16,13.65,5.0,Santa_Barbara_Channel
2023-10-17,14.7,5.0,Santa_Barbara_Channel
2023-10-18,14.78,5.0,Santa_Barbara_Channel
2023-10-19,13.07,5.0,Santa_Barbara_Channel
2023-10-20,13.83,5.0,Santa_Barbara_Channel
2023-10-21,17.01,5.0,Santa_Barbara_Channel
2023-10-22,16.33,5.0,Santa_Barbara_Channel
2023-10-23,14.33,5.0,Santa_Barbara_Channel
2023-10-24,13.66,5.0,Santa_Barbara_Channel
2023-10-25,13.72,5.0,Santa_Barbara_Channel
2023-10-26,14.4,5.0,Santa_Barbara_Channel
2023-10-27,11.88,5.0,Santa_Barbara_Channel
2023-10-28,12.97,5.0,Santa_Barbara_Channel
2023-10-29,10.79,5.0,Santa_Barbara_Channel
2023-10-30,13.83,5.0,Santa_Barbara_Channel
2023-10-31,14.14,5.0,Santa_Barbara_Channel
2023-11-01,12.38,5.0,Santa_Barbara_Channel
2023-11-02,15.41,5.0,Santa_Barbara_Channel
2023-11-03,11.15,5.0,Santa_Barbara_Channel
2023-11-04,10.73,5.0,Santa_Barbara_Channel
2023-11-05,13.21,5.0,Santa_Barbara_Channel
2023-11-06,14.39,5.0,Santa_Barbara_Channel
2023-11-07,15.29,5.0,Santa_Barbara_Channel
2023-11-08,12.02,5.0,Santa_Barbara_Channel
2023-11-09,14.27,5.0,Santa_Barbara_Channel
2023-11-10,12.54,5.0,Santa_Barbara_Channel
2023-11-11,12.28,5.0,Santa_Barbara_Channel
2023-11-12,13.81,5.0,Santa_Barbara_Channel
2023-11-13,13.41,5.0,Santa_Barbara_Channel
2023-11-14,10.02,5.0,Santa_Barbara_Channel
2023-11-15,14.55,5.0,Santa_Barbara_Channel
2023-11-16,14.35,5.0,Santa_Barbara_Channel
2023-11-17,11.3,5.0,Santa_Barbara_Channel
2023-11-18,12.78,5.0,Santa_Barbara_Channel
2023-11-19,12.88,5.0,Santa_Barbara_Channel
2023-11-20,12.48,5.0,Santa_Barbara_Channel
2023-11-21,11.22,5.0,Santa_Barbara_Channel
2023-11-22,10.99,5.0,Santa_Barbara_Channel
2023-11-23,11.92,5.0,Santa_Barbara_Channel
2023-11-24,13.67,5.0,Santa_Barbara_Channel
2023-11-25,12.69,5.0,Santa_Barbara_Channel
2023-11-26,11.28,5.0,Santa_Barbara_Channel
2023-11-27,12.95,5.0,Santa_Barbara_Channel
2023-11-28,7.48,5.0,Santa_Barbara_Channel
2023-11-29,13.44,5.0,Santa_Barbara_Channel
2023-11-30,9.07,5.0,Santa_Barbara_Channel
2023-12-01,11.1,5.0,Santa_Barbara_Channel
2023-12-02,9.93,5.0,Santa_Barbara_Channel
2023-12-03,9.63,5.0,Santa_Barbara_Channel
2023-12-04,13.28,5.0,Santa_Barbara_Channel
2023-12-05,10.8,5.0,Santa_Barbara_Channel
2023-12-06,11.99,5.0,Santa_Barbara_Channel
2023-12-07,11.37,5.0,Santa_Barbara_Channel
2023-12-08,12.13,5.0,Santa_Barbara_Channel
2023-12-09,11.5,5.0,Santa_Barbara_Channel
2023-12-10,9.44,5.0,Santa_Barbara_Channel
2023-12-11,12.83,5.0,Santa_Barbara_Channel
2023-12-12,10.57,5.0,Santa_Barbara_Channel
2023-12-13,8.95,5.0,Santa_Barbara_Channel
2023-12-14,10.62,5.0,Santa_Barbara_Channel
2023-12-15,13.5,5.0,Santa_Barbara_Channel
2023-12-16,12.5,5.0,Santa_Barbara_Channel
2023-12-17,10.68,5.0,Santa_Barbara_Channel
2023-12-18,10.66,5.0,Santa_Barbara_Channel
2023-12-19,10.69,5.0,Santa_Barbara_Channel
2023-12-20,14.27,5.0,Santa_Barbara_Channel
2023-12-21,11.71,5.0,Santa_Barbara_Channel
2023-12-22,11.77,5.0,Santa_Barbara_Channel
2023-12-23,12.66,5.0,Santa_Barbara_Channel
2023-12-24,11.46,5.0,Santa_Barbara_Channel
2023-12-25,10.71,5.0,Santa_Barbara_Channel
2023-12-26,10.79,5.0,Santa_Barbara_Channel
2023-12-27,10.97,5.0,Santa_Barbara_Channel
2023-12-28,11.02,5.0,Santa_Barbara_Channel
2023-12-29,12.16,5.0,Santa_Barbara_Channel
2023-12-30,11.14,5.0,Santa_Barbara_Channel
2023-12-31,12.16,5.0,Santa_Barbara_Channel
2024-01-01,10.94,5.0,Santa_Barbara_Channel
2024-01-02,11.18,5.0,Santa_Barbara_Channel
2024-01-03,8.06,5.0,Santa_Barbara_Channel
2024-01-04,12.44,5.0,Santa_Barbara_Channel
2024-01-05,11.59,5.0,Santa_Barbara_Channel
2024-01-06,12.57,5.0,Santa_Barbara_Channel
2024-01-07,6.73,5.0,Santa_Barbara_Channel
2024-01-08,14.22,5.0,Santa_Barbara_Channel
2024-01-09,10.88,5.0,Santa_Barbara_Channel
2024-01-10,12.76,5.0,Santa_Barbara_Channel
2024-01-11,9.55,5.0,Santa_Barbara_Channel
2024-01-12,12.04,5.0,Santa_Barbara_Channel
2024-01-13,9.56,5.0,Santa_Barbara_Channel
2024-01-14,10.21,5.0,Santa_Barbara_Channel
2024-01-15,14.04,5.0,Santa_Barbara_Channel
2024-01-16,10.89,5.0,Santa_Barbara_Channel
2024-01-17,11.52,5.0,Santa_Barbara_Channel
2024-01-18,12.52,5.0,Santa_Barbara_Channel
2024-01-19,11.98,5.0,Santa_Barbara_Channel
2024-01-20,11.48,5.0,Santa_Barbara_Channel
2024-01-21,11.83,5.0,Santa_Barbara_Channel
2024-01-22,14.91,5.0,Santa_Barbara_Channel
2024-01-23,11.24,5.0,Santa_Barbara_Channel
2024-01-24,11.65,5.0,Santa_Barbara_Channel
2024-01-25,12.95,5.0,Santa_Barbara_Channel
2024-01-26,13.06,5.0,Santa_Barbara_Channel
2024-01-27,13.21,5.0,Santa_Barbara_Channel
2024-01-28,12.42,5.0,Santa_Barbara_Channel
2024-01-29,9.78,5.0,Santa_Barbara_Channel
2024-01-30,13.97,5.0,Santa_Barbara_Channel
2024-01-31,9.84,5.0,Santa_Barbara_Channel
2024-02-01,12.05,5.0,Santa_Barbara_Channel
2024-02-02,10.49,5.0,Santa_Barbara_Channel
2024-02-03,11.57,5.0,Santa_Barbara_Channel
2024-02-04,12.19,5.0,Santa_Barbara_Channel
2024-02-05,12.22,5.0,Santa_Barbara_Channel
2024-02-06,12.41,5.0,Santa_Barbara_Channel
2024-02-07,14.24,5.0,Santa_Barbara_Channel
2024-02-08,12.54,5.0,Santa_Barbara_Channel
2024-02-09,11.53,5.0,Santa_Barbara_Channel
2024-02-10,13.39,5.0,Santa_Barbara_Channel
2024-02-11,13.77,5.0,Santa_Barbara_Channel
2024-02-12,10.19,5.0,Santa_Barbara_Channel
2024-02-13,12.97,5.0,Santa_Barbara_Channel
2024-02-14,13.17,5.0,Santa_Barbara_Channel
2024-02-15,11.72,5.0,Santa_Barbara_Channel
2024-02-16,14.28,5.0,Santa_Barbara_Channel
2024-02-17,12.04,5.0,Santa_Barbara_Channel
2024-02-18,12.5,5.0,Santa_Barbara_Channel
2024-02-19,12.1,5.0,Santa_Barbara_Channel
2024-02-20,12.44,5.0,Santa_Barbara_Channel
2024-02-21,10.82,5.0,Santa_Barbara_Channel
2024-02-22,10.36,5.0,Santa_Barbara_Channel
2024-02-23,14.96,5.0,Santa_Barbara_Channel
2024-02-24,11.36,5.0,Santa_Barbara_Channel
2024-02-25,11.19,5.0,Santa_Barbara_Channel
2024-02-26,9.51,5.0,Santa_Barbara_Channel
2024-02-27,11.84,5.0,Santa_Barbara_Channel
2024-02-28,10.87,5.0,Santa_Barbara_Channel
2024-02-29,15.37,5.0,Santa_Barbara_Channel
2024-03-01,14.48,5.0,Santa_Barbara_Channel
2024-03-02,11.99,5.0,Santa_Barbara_Channel
2024-03-03,16.46,5.0,Santa_Barbara_Channel
2024-03-04,14.62,5.0,Santa_Barbara_Channel
2024-03-05,12.72,5.0,Santa_Barbara_Channel
2024-03-06,9.52,5.0,Santa_Barbara_Channel
2024-03-07,16.77,5.0,Santa_Barbara_Channel
2024-03-08,11.31,5.0,Santa_Barbara_Channel
2024-03-09,10.99,5.0,Santa_Barbara_Channel
2024-03-10,15.05,5.0,Santa_Barbara_Channel
2024-03-11,17.24,5.0,Santa_Barbara_Channel
2024-03-12,15.72,5.0,Santa_Barbara_Channel
2024-03-13,14.56,5.0,Santa_Barbara_Channel
2024-03-14,14.67,5.0,Santa_Barbara_Channel
2024-03-15,15.12,5.0,Santa_Barbara_Channel
2024-03-16,15.05,5.0,Santa_Barbara_Channel
2024-03-17,14.39,5.0,Santa_Barbara_Channel
2024-03-18,14.2,5.0,Santa_Barbara_Channel
2024-03-19,14.01,5.0,Santa_Barbara_Channel
2024-03-20,13.04,5.0,Santa_Barbara_Channel
2024-03-21,13.82,5.0,Santa_Barbara_Channel
2024-03-22,11.77,5.0,Santa_Barbara_Channel
2024-03-23,14.23,5.0,Santa_Barbara_Channel
2024-03-24,12.96,5.0,Santa_Barbara_Channel
2024-03-25,12.86,5.0,Santa_Barbara_Channel
2024-03-26,14.85,5.0,Santa_Barbara_Channel
2024-03-27,16.74,5.0,Santa_Barbara_Channel
2024-03-28,16.09,5.0,Santa_Barbara_Channel
2024-03-29,12.43,5.0,Santa_Barbara_Channel
2024-03-30,13.37,5.0,Santa_Barbara_Channel
2024-03-31,16.33,5.0,Santa_Barbara_Channel
2024-04-01,13.52,5.0,Santa_Barbara_Channel
2024-04-02,14.72,5.0,Santa_Barbara_Channel
2024-04-03,15.95,5.0,Santa_Barbara_Channel
2024-04-04,13.75,5.0,Santa_Barbara_Channel
2024-04-05,15.43,5.0,Santa_Barbara_Channel
2024-04-06,13.33,5.0,Santa_Barbara_Channel
2024-04-07,14.5,5.0,Santa_Barbara_Channel
2024-04-08,15.95,5.0,Santa_Barbara_Channel
2024-04-09,13.15,5.0,Santa_Barbara_Channel
2024-04-10,16.27,5.0,Santa_Barbara_Channel
2024-04-11,15.65,5.0,Santa_Barbara_Channel
2024-04-12,16.57,5.0,Santa_Barbara_Channel
2024-04-13,16.15,5.0,Santa_Barbara_Channel
2024-04-14,17.93,5.0,Santa_Barbara_Channel
2024-04-15,16.14,5.0,Santa_Barbara_Channel
2024-04-16,15.37,5.0,Santa_Barbara_Channel
2024-04-17,16.27,5.0,Santa_Barbara_Channel
2024-04-18,16.96,5.0,Santa_Barbara_Channel
2024-04-19,16.29,5.0,Santa_Barbara_Channel
2024-04-20,16.34,5.0,Santa_Barbara_Channel
2024-04-21,15.29,5.0,Santa_Barbara_Channel
2024-04-22,15.42,5.0,Santa_Barbara_Channel
2024-04-23,14.37,5.0,Santa_Barbara_Channel
2024-04-24,19.16,5.0,Santa_Barbara_Channel
2024-04-25,14.74,5.0,Santa_Barbara_Channel
2024-04-26,15.63,5.0,Santa_Barbara_Channel
2024-04-27,15.65,5.0,Santa_Barbara_Channel
2024-04-28,18.13,5.0,Santa_Barbara_Channel
2024-04-29,16.41,5.0,Santa_Barbara_Channel
2024-04-30,18.79,5.0,Santa_Barbara_Channel
2024-05-01,15.97,5.0,Santa_Barbara_Channel
2024-05-02,17.46,5.0,Santa_Barbara_Channel
2024-05-03,15.84,5.0,Santa_Barbara_Channel
2024-05-04,20.37,5.0,Santa_Barbara_Channel
2024-05-05,15.43,5.0,Santa_Barbara_Channel
2024-05-06,17.74,5.0,Santa_Barbara_Channel
2024-05-07,18.28,5.0,Santa_Barbara_Channel
2024-05-08,18.01,5.0,Santa_Barbara_Channel
2024-05-09,17.16,5.0,Santa_Barbara_Channel
2024-05-10,17.3,5.0,Santa_Barbara_Channel
2024-05-11,17.62,5.0,Santa_Barbara_Channel
2024-05-12,17.38,5.0,Santa_Barbara_Channel
2024-05-13,19.1,5.0,Santa_Barbara_Channel
2024-05-14,21.02,5.0,Santa_Barbara_Channel
2024-05-15,16.92,5.0,Santa_Barbara_Channel
2024-05-16,15.76,5.0,Santa_Barbara_Channel
2024-05-17,17.73,5.0,Santa_Barbara_Channel
2024-05-18,21.78,5.0,Santa_Barbara_Channel
2024-05-19,16.75,5.0,Santa_Barbara_Channel
2024-05-20,20.46,5.0,Santa_Barbara_Channel
2024-05-21,20.57,5.0,Santa_Barbara_Channel
2024-05-22,17.27,5.0,Santa_Barbara_Channel
2024-05-23,18.99,5.0,Santa_Barbara_Channel
2024-05-24,20.63,5.0,Santa_Barbara_Channel
2024-05-25,17.66,5.0,Santa_Barbara_Channel
2024-05-26,17.96,5.0,Santa_Barbara_Channel
2024-05-27,17.44,5.0,Santa_Barbara_Channel
2024-05-28,16.83,5.0,Santa_Barbara_Channel
2024-05-29,17.41,5.0,Santa_Barbara_Channel
2024-05-30,16.59,5.0,Santa_Barbara_Channel
2024-05-31,18.51,5.0,Santa_Barbara_Channel
2024-06-01,17.34,5.0,Santa_Barbara_Channel
2024-06-02,18.89,5.0,Santa_Barbara_Channel
2024-06-03,16.23,5.0,Santa_Barbara_Channel
2024-06-04,19.1,5.0,Santa_Barbara_Channel
2024-06-05,19.88,5.0,Santa_Barbara_Channel
2024-06-06,15.67,5.0,Santa_Barbara_Channel
2024-06-07,19.25,5.0,Santa_Barbara_Channel
2024-06-08,20.56,5.0,Santa_Barbara_Channel
2024-06-09,16.94,5.0,Santa_Barbara_Channel
2024-06-10,21.28,5.0,Santa_Barbara_Channel
2024-06-11,19.43,5.0,Santa_Barbara_Channel
2024-06-12,17.77,5.0,Santa_Barbara_Channel
2024-06-13,18.77,5.0,Santa_Barbara_Channel
2024-06-14,19.71,5.0,Santa_Barbara_Channel
2024-06-15,19.01,5.0,Santa_Barbara_Channel
2024-06-16,19.72,5.0,Santa_Barbara_Channel
2024-06-17,17.55,5.0,Santa_Barbara_Channel
2024-06-18,19.2,5.0,Santa_Barbara_Channel
2024-06-19,16.84,5.0,Santa_Barbara_Channel
2024-06-20,18.81,5.0,Santa_Barbara_Channel
2024-06-21,17.64,5.0,Santa_Barbara_Channel
2024-06-22,17.9,5.0,Santa_Barbara_Channel
2024-06-23,20.87,5.0,Santa_Barbara_Channel
2024-06-24,20.67,5.0,Santa_Barbara_Channel
2024-06-25,19.95,5.0,Santa_Barbara_Channel
2024-06-26,17.41,5.0,Santa_Barbara_Channel
2024-06-27,18.58,5.0,Santa_Barbara_Channel
2024-06-28,20.88,5.0,Santa_Barbara_Channel
2024-06-29,19.28,5.0,Santa_Barbara_Channel
2024-06-30,22.55,5.0,Santa_Barbara_Channel
2024-07-01,19.66,5.0,Santa_Barbara_Channel
2024-07-02,19.36,5.0,Santa_Barbara_Channel
2024-07-03,18.61,5.0,Santa_Barbara_Channel
2024-07-04,19.27,5.0,Santa_Barbara_Channel
2024-07-05,18.84,5.0,Santa_Barbara_Channel
2024-07-06,20.12,5.0,Santa_Barbara_Channel
2024-07-07,20.49,5.0,Santa_Barbara_Channel
2024-07-08,17.87,5.0,Santa_Barbara_Channel
2024-07-09,17.05,5.0,Santa_Barbara_Channel
2024-07-10,16.28,5.0,Santa_Barbara_Channel
2024-07-11,19.79,5.0,Santa_Barbara_Channel
2024-07-12,17.36,5.0,Santa_Barbara_Channel
2024-07-13,15.77,5.0,Santa_Barbara_Channel
2024-07-14,19.57,5.0,Santa_Barbara_Channel
2024-07-15,22.72,5.0,Santa_Barbara_Channel
2024-07-16,18.95,5.0,Santa_Barbara_Channel
2024-07-17,20.2,5.0,Santa_Barbara_Channel
2024-07-18,19.05,5.0,Santa_Barbara_Channel
2024-07-19,18.76,5.0,Santa_Barbara_Channel
2024-07-20,20.27,5.0,Santa_Barbara_Channel
2024-07-21,18.43,5.0,Santa_Barbara_Channel
2024-07-22,19.25,5.0,Santa_Barbara_Channel
2024-07-23,19.3,5.0,Santa_Barbara_Channel
2024-07-24,17.8,5.0,Santa_Barbara_Channel
2024-07-25,20.26,5.0,Santa_Barbara_Channel
2024-07-26,18.48,5.0,Santa_Barbara_Channel
2024-07-27,17.58,5.0,Santa_Barbara_Channel
2024-07-28,19.49,5.0,Santa_Barbara_Channel
2024-07-29,17.31,5.0,Santa_Barbara_Channel
2024-07-30,18.67,5.0,Santa_Barbara_Channel
2024-07-31,18.58,5.0,Santa_Barbara_Channel
2024-08-01,20.19,5.0,Santa_Barbara_Channel
2024-08-02,19.24,5.0,Santa_Barbara_Channel
2024-08-03,18.46,5.0,Santa_Barbara_Channel
2024-08-04,19.68,5.0,Santa_Barbara_Channel
2024-08-05,20.51,5.0,Santa_Barbara_Channel
2024-08-06,19.22,5.0,Santa_Barbara_Channel
2024-08-07,18.36,5.0,Santa_Barbara_Channel
2024-08-08,16.34,5.0,Santa_Barbara_Channel
2024-08-09,16.67,5.0,Santa_Barbara_Channel
2024-08-10,17.76,5.0,Santa_Barbara_Channel
2024-08-11,17.26,5.0,Santa_Barbara_Channel
2024-08-12,17.85,5.0,Santa_Barbara_Channel
2024-08-13,18.17,5.0,Santa_Barbara_Channel
2024-08-14,18.84,5.0,Santa_Barbara_Channel
2024-08-15,17.89,5.0,Santa_Barbara_Channel
2024-08-16,18.68,5.0,Santa_Barbara_Channel
2024-08-17,18.0,5.0,Santa_Barbara_Channel
2024-08-18,14.89,5.0,Santa_Barbara_Channel
2024-08-19,16.39,5.0,Santa_Barbara_Channel
2024-08-20,17.54,5.0,Santa_Barbara_Channel
2024-08-21,15.89,5.0,Santa_Barbara_Channel
2024-08-22,18.55,5.0,Santa_Barbara_Channel
2024-08-23,19.89,5.0,Santa_Barbara_Channel
2024-08-24,19.37,5.0,Santa_Barbara_Channel
2024-08-25,17.17,5.0,Santa_Barbara_Channel
2024-08-26,19.67,5.0,Santa_Barbara_Channel
2024-08-27,17.6,5.0,Santa_Barbara_Channel
2024-08-28,16.82,5.0,Santa_Barbara_Channel
2024-08-29,16.34,5.0,Santa_Barbara_Channel
2024-08-30,16.75,5.0,Santa_Barbara_Channel
2024-08-31,16.57,5.0,Santa_Barbara_Channel
2024-09-01,17.34,5.0,Santa_Barbara_Channel
2024-09-02,17.27,5.0,Santa_Barbara_Channel
2024-09-03,16.97,5.0,Santa_Barbara_Channel
2024-09-04,17.56,5.0,Santa_Barbara_Channel
2024-09-05,18.63,5.0,Santa_Barbara_Channel
2024-09-06,18.21,5.0,Santa_Barbara_Channel
2024-09-07,14.49,5.0,Santa_Barbara_Channel
2024-09-08,12.83,5.0,Santa_Barbara_Channel
2024-09-09,18.0,5.0,Santa_Barbara_Channel
2024-09-10,14.48,5.0,Santa_Barbara_Channel
2024-09-11,16.13,5.0,Santa_Barbara_Channel
2024-09-12,14.65,5.0,Santa_Barbara_Channel
2024-09-13,13.63,5.0,Santa_Barbara_Channel
2024-09-14,17.08,5.0,Santa_Barbara_Channel
2024-09-15,17.35,5.0,Santa_Barbara_Channel
2024-09-16,15.28,5.0,Santa_Barbara_Channel
2024-09-17,12.19,5.0,Santa_Barbara_Channel
2024-09-18,15.19,5.0,Santa_Barbara_Channel
2024-09-19,16.53,5.0,Santa_Barbara_Channel
2024-09-20,13.65,5.0,Santa_Barbara_Channel
2024-09-21,16.08,5.0,Santa_Barbara_Channel
2024-09-22,15.72,5.0,Santa_Barbara_Channel
2024-09-23,16.54,5.0,Santa_Barbara_Channel
2024-09-24,15.78,5.0,Santa_Barbara_Channel
2024-09-25,14.07,5.0,Santa_Barbara_Channel
2024-09-26,17.26,5.0,Santa_Barbara_Channel
2024-09-27,15.16,5.0,Santa_Barbara_Channel
2024-09-28,15.29,5.0,Santa_Barbara_Channel
2024-09-29,13.86,5.0,Santa_Barbara_Channel
2024-09-30,14.53,5.0,Santa_Barbara_Channel
2024-10-01,13.8,5.0,Santa_Barbara_Channel
2024-10-02,14.79,5.0,Santa_Barbara_Channel
2024-10-03,17.55,5.0,Santa_Barbara_Channel
2024-10-04,12.86,5.0,Santa_Barbara_Channel
2024-10-05,12.43,5.0,Santa_Barbara_Channel
2024-10-06,16.99,5.0,Santa_Barbara_Channel
2024-10-07,14.4,5.0,Santa_Barbara_Channel
2024-10-08,13.64,5.0,Santa_Barbara_Channel
2024-10-09,16.13,5.0,Santa_Barbara_Channel
2024-10-10,13.6,5.0,Santa_Barbara_Channel
2024-10-11,17.18,5.0,Santa_Barbara_Channel
2024-10-12,15.39,5.0,Santa_Barbara_Channel
2024-10-13,13.57,5.0,Santa_Barbara_Channel
2024-10-14,17.47,5.0,Santa_Barbara_Channel
2024-10-15,13.26,5.0,Santa_Barbara_Channel
2024-10-16,15.21,5.0,Santa_Barbara_Channel
2024-10-17,14.48,5.0,Santa_Barbara_Channel
2024-10-18,15.92,5.0,Santa_Barbara_Channel
2024-10-19,16.24,5.0,Santa_Barbara_Channel
2024-10-20,13.88,5.0,Santa_Barbara_Channel
2024-10-21,12.64,5.0,Santa_Barbara_Channel
2024-10-22,14.4,5.0,Santa_Barbara_Channel
2024-10-23,12.63,5.0,Santa_Barbara_Channel
2024-10-24,16.6,5.0,Santa_Barbara_Channel
2024-10-25,13.72,5.0,Santa_Barbara_Channel
2024-10-26,12.9,5.0,Santa_Barbara_Channel
2024-10-27,13.67,5.0,Santa_Barbara_Channel
2024-10-28,11.31,5.0,Santa_Barbara_Channel
2024-10-29,11.81,5.0,Santa_Barbara_Channel
2024-10-30,15.01,5.0,Santa_Barbara_Channel
2024-10-31,12.16,5.0,Santa_Barbara_Channel
2024-11-01,11.51,5.0,Santa_Barbara_Channel
2024-11-02,13.83,5.0,Santa_Barbara_Channel
2024-11-03,14.74,5.0,Santa_Barbara_Channel
2024-11-04,13.99,5.0,Santa_Barbara_Channel
2024-11-05,14.34,5.0,Santa_Barbara_Channel
2024-11-06,11.66,5.0,Santa_Barbara_Channel
2024-11-07,10.6,5.0,Santa_Barbara_Channel
2024-11-08,14.93,5.0,Santa_Barbara_Channel
2024-11-09,12.14,5.0,Santa_Barbara_Channel
2024-11-10,12.2,5.0,Santa_Barbara_Channel
2024-11-11,14.51,5.0,Santa_Barbara_Channel
2024-11-12,13.3,5.0,Santa_Barbara_Channel
2024-11-13,13.1,5.0,Santa_Barbara_Channel
2024-11-14,15.61,5.0,Santa_Barbara_Channel
2024-11-15,11.35,5.0,Santa_Barbara_Channel
2024-11-16,13.66,5.0,Santa_Barbara_Channel
2024-11-17,12.3,5.0,Santa_Barbara_Channel
2024-11-18,12.57,5.0,Santa_Barbara_Channel
2024-11-19,14.42,5.0,Santa_Barbara_Channel
2024-11-20,12.84,5.0,Santa_Barbara_Channel
2024-11-21,12.84,5.0,Santa_Barbara_Channel
2024-11-22,13.6,5.0,Santa_Barbara_Channel
2024-11-23,11.4,5.0,Santa_Barbara_Channel
2024-11-24,10.64,5.0,Santa_Barbara_Channel
2024-11-25,10.29,5.0,Santa_Barbara_Channel
2024-11-26,8.87,5.0,Santa_Barbara_Channel
2024-11-27,14.87,5.0,Santa_Barbara_Channel
2024-11-28,10.09,5.0,Santa_Barbara_Channel
2024-11-29,11.37,5.0,Santa_Barbara_Channel
2024-11-30,11.25,5.0,Santa_Barbara_Channel
2024-12-01,12.09,5.0,Santa_Barbara_Channel
2024-12-02,12.82,5.0,Santa_Barbara_Channel
2024-12-03,12.86,5.0,Santa_Barbara_Channel
2024-12-04,10.66,5.0,Santa_Barbara_Channel
2024-12-05,11.25,5.0,Santa_Barbara_Channel
2024-12-06,11.9,5.0,Santa_Barbara_Channel
2024-12-07,11.07,5.0,Santa_Barbara_Channel
2024-12-08,13.83,5.0,Santa_Barbara_Channel
2024-12-09,12.12,5.0,Santa_Barbara_Channel
2024-12-10,12.46,5.0,Santa_Barbara_Channel
2024-12-11,12.33,5.0,Santa_Barbara_Channel
2024-12-12,13.07,5.0,Santa_Barbara_Channel
2024-12-13,11.56,5.0,Santa_Barbara_Channel
2024-12-14,9.32,5.0,Santa_Barbara_Channel
2024-12-15,,5.0,Santa_Barbara_Channel
2024-12-16,10.25,5.0,Santa_Barbara_Channel
2024-12-17,10.42,5.0,Santa_Barbara_Channel
2024-12-18,12.07,5.0,Santa_Barbara_Channel
2024-12-19,13.04,5.0,Santa_Barbara_Channel
2024-12-20,11.2,5.0,Santa_Barbara_Channel
2024-12-21,11.61,5.0,Santa_Barbara_Channel
2024-12-22,13.69,5.0,Santa_Barbara_Channel
2024-12-23,11.49,5.0,Santa_Barbara_Channel
2024-12-24,15.02,5.0,Santa_Barbara_Channel
2024-12-25,11.96,5.0,Santa_Barbara_Channel
2024-12-26,8.46,5.0,Santa_Barbara_Channel
2024-12-27,12.22,5.0,Santa_Barbara_Channel
2024-12-28,11.66,5.0,Santa_Barbara_Channel
2024-12-29,13.02,5.0,Santa_Barbara_Channel
2024-12-30,12.09,5.0,Santa_Barbara_Channel
2024-12-31,10.87,5.0,Santa_Barbara_Channel
